Model,Serving,General Explicit SR (%),General Implicit SR (%),Safety Explicit SR (%),Safety Implicit SR (%),Time per task (s),Time per step (s),Steps
Gemini 3 Flash,API,45.6,47.1,26.9,37.0,78.0,9.58,8.14
Kimi-K2.5,API,75.8,56.3,29.7,35.4,387.6,57.24,6.77
Qwen3.5-122B-A10B,API,70.5,52.2,16.7,28.4,230.0,34.01,6.76
Qwen2.5-VL-3B,Local,13.6,11.5,7.3,12.4,97.0,11.2,8.66
Qwen2.5-VL-7B,Local,26.5,17.2,8.8,12.1,87.9,12.1,7.26
Qwen3-VL-8B,Local,43.7,39.4,21.3,24.0,60.0,11.98,5.01
MAI-UI-2B,Local,20.0,14.2,12.9,15.6,42.9,8.49,5.06
MAI-UI-8B,Local,27.3,32.4,16.7,19.8,120.7,15.1,7.96
MiMo-VL-7B-RL,Local,37.4,22.7,12.3,15.4,100.4,16.3,6.16
OpenCUA-7B,Local,12.1,17.7,5.7,8.3,41.7,4.17,10.0
UI-TARS-2B-SFT,Local,16.7,17.4,17.1,9.9,40.7,4.07,10.0
UI-TARS-7B-DPO,Local,13.6,18.6,15.2,16.5,59.4,6.05,9.82
JEDI-3B,Local,16.7,8.2,6.1,9.4,40.8,4.08,10.0
JEDI-7B,Local,25.2,21.1,7.6,9.5,47.1,4.72,10.0
GUI-Owl-7B,Local,9.8,21.5,21.3,17.0,95.5,11.41,8.37
